RotationId;NoInRotation;ODId;ODFrom;ODTo;LegFrom;LegTo;#FFE;Omission
2;0;0;ESALG;TRAMB;ESALG;TRAMB;266;0
1;0;1;ESALG;EGALY;ESALG;EGALY;190;0
1;0;2;ESALG;MACAS;ESALG;EGALY;180;0
1;1;2;ESALG;MACAS;EGALY;EGPSD;180;0
1;2;2;ESALG;MACAS;EGPSD;MACAS;180;0
1;2;3;EGPSD;MACAS;EGPSD;MACAS;148;0
0;9;4;ITGOA;MAPTM;ITGOA;MAPTM;146;0
0;9;5;ITGOA;EGPSD;ITGOA;MAPTM;125;0
0;0;5;ITGOA;EGPSD;MAPTM;ESALG;125;0
2;0;5;ITGOA;EGPSD;ESALG;TRAMB;125;0
2;1;5;ITGOA;EGPSD;TRAMB;EGPSD;125;0
1;7;6;MAPTM;EGALY;MAPTM;ESBCN;112;0
1;8;6;MAPTM;EGALY;ESBCN;ESALG;112;0
1;0;6;MAPTM;EGALY;ESALG;EGALY;112;0
;;7;UAODS;EGPSD;UAODS;EGPSD;105;1
4;0;8;ITGIT;MACAS;ITGIT;ITGOA;104;0
4;1;8;ITGIT;MACAS;ITGOA;TNTUN;104;0
4;2;8;ITGIT;MACAS;TNTUN;ITGOA;104;0
4;3;8;ITGIT;MACAS;ITGOA;DZSKI;104;0
3;4;8;ITGIT;MACAS;DZSKI;TRAMB;104;0
3;5;8;ITGIT;MACAS;TRAMB;BGVAR;104;0
3;6;8;ITGIT;MACAS;BGVAR;TRAMB;104;0
3;7;8;ITGIT;MACAS;TRAMB;TRIZM;104;0
3;8;8;ITGIT;MACAS;TRIZM;MAAGA;104;0
3;9;8;ITGIT;MACAS;MAAGA;ESALG;104;0
3;0;8;ITGIT;MACAS;ESALG;MACAS;104;0
;;9;ESTAR;ITSAL;ESTAR;ITSAL;103;1
;;10;LBBEY;EGPSD;LBBEY;EGPSD;99;1
1;6;11;PTLEI;ESAGP;PTLEI;MAPTM;88;0
1;7;11;PTLEI;ESAGP;MAPTM;ESBCN;88;0
1;8;11;PTLEI;ESAGP;ESBCN;ESALG;88;0
0;1;11;PTLEI;ESAGP;ESALG;ESAGP;88;0
;;12;EGPSD;LBBEY;EGPSD;LBBEY;86;1
;;13;ILHFA;MACAS;ILHFA;MACAS;84;1
2;1;14;TRAMB;ESALG;TRAMB;EGPSD;80;0
2;2;14;TRAMB;ESALG;EGPSD;ESALG;80;0
0;6;15;ESALG;GRPIR;ESALG;GRPIR;76;0
2;2;16;EGPSD;TRAMB;EGPSD;ESALG;72;0
2;0;16;EGPSD;TRAMB;ESALG;TRAMB;72;0
;;17;ESBCN;ITSAL;ESBCN;ITSAL;72;1
;;18;EGPSD;SYLTK;EGPSD;SYLTK;71;1
2;1;19;TRAMB;EGPSD;TRAMB;EGPSD;71;0
3;9;20;MAAGA;ESALG;MAAGA;ESALG;70;0
4;0;21;ITGIT;TRAMB;ITGIT;ITGOA;66;0
4;1;21;ITGIT;TRAMB;ITGOA;TNTUN;66;0
4;2;21;ITGIT;TRAMB;TNTUN;ITGOA;66;0
4;3;21;ITGIT;TRAMB;ITGOA;DZSKI;66;0
3;4;21;ITGIT;TRAMB;DZSKI;TRAMB;66;0
;;22;ITGOA;GEPTI;ITGOA;GEPTI;62;1
;;23;TRAMB;ILHFA;TRAMB;ILHFA;61;1
;;24;ITSAL;ESAGP;ITSAL;ESAGP;59;1
2;0;25;ESALG;MAAGA;ESALG;TRAMB;58;0
3;7;25;ESALG;MAAGA;TRAMB;TRIZM;58;0
3;8;25;ESALG;MAAGA;TRIZM;MAAGA;58;0
;;26;EGPSD;TRMER;EGPSD;TRMER;57;1
;;27;ESALG;ILASH;ESALG;ILASH;56;1
;;28;BGVAR;TRMER;BGVAR;TRMER;55;1
;;29;ESALG;ILHFA;ESALG;ILHFA;55;1
0;9;30;ITGOA;ESALG;ITGOA;MAPTM;51;0
0;0;30;ITGOA;ESALG;MAPTM;ESALG;51;0
;;31;ILASH;BGVAR;ILASH;BGVAR;51;1
;;32;PTLEI;DZALG;PTLEI;DZALG;50;1
;;33;TRMER;ESALG;TRMER;ESALG;49;1
0;3;34;ESALG;TNTUN;ESALG;ITGOA;49;0
4;1;34;ESALG;TNTUN;ITGOA;TNTUN;49;0
2;2;35;EGPSD;ITGOA;EGPSD;ESALG;48;0
0;3;35;EGPSD;ITGOA;ESALG;ITGOA;48;0
1;8;36;ESBCN;ESALG;ESBCN;ESALG;48;0
0;4;37;ITGOA;ESAGP;ITGOA;ESAGP;47;0
2;2;38;EGPSD;TNTUN;EGPSD;ESALG;46;0
0;3;38;EGPSD;TNTUN;ESALG;ITGOA;46;0
4;1;38;EGPSD;TNTUN;ITGOA;TNTUN;46;0
;;39;EGALY;LBBEY;EGALY;LBBEY;45;1
;;40;MAPTM;LBBEY;MAPTM;LBBEY;44;1
;;41;ILHFA;MAPTM;ILHFA;MAPTM;42;1
1;2;42;EGPSD;PTLEI;EGPSD;MACAS;41;0
1;3;42;EGPSD;PTLEI;MACAS;MAPTM;41;0
1;4;42;EGPSD;PTLEI;MAPTM;MACAS;41;0
1;5;42;EGPSD;PTLEI;MACAS;PTLEI;41;0
;;43;MAPTM;TRMER;MAPTM;TRMER;41;1
3;3;44;ESVLC;ESAGP;ESVLC;DZSKI;40;0
3;4;44;ESVLC;ESAGP;DZSKI;TRAMB;40;0
2;1;44;ESVLC;ESAGP;TRAMB;EGPSD;40;0
2;2;44;ESVLC;ESAGP;EGPSD;ESALG;40;0
0;1;44;ESVLC;ESAGP;ESALG;ESAGP;40;0
3;6;45;BGVAR;EGPSD;BGVAR;TRAMB;40;0
2;1;45;BGVAR;EGPSD;TRAMB;EGPSD;40;0
;;46;ESALG;LBBEY;ESALG;LBBEY;37;1
2;1;47;TRAMB;MAPTM;TRAMB;EGPSD;37;0
1;2;47;TRAMB;MAPTM;EGPSD;MACAS;37;0
1;3;47;TRAMB;MAPTM;MACAS;MAPTM;37;0
1;1;48;EGALY;EGPSD;EGALY;EGPSD;37;0
2;0;49;ESALG;TRIZM;ESALG;TRAMB;37;0
3;7;49;ESALG;TRIZM;TRAMB;TRIZM;37;0
;;50;TRMER;ESAGP;TRMER;ESAGP;37;1
4;0;51;ITGIT;ITGOA;ITGIT;ITGOA;36;0
1;6;52;PTLEI;EGALY;PTLEI;MAPTM;36;0
1;7;52;PTLEI;EGALY;MAPTM;ESBCN;36;0
1;8;52;PTLEI;EGALY;ESBCN;ESALG;36;0
1;0;52;PTLEI;EGALY;ESALG;EGALY;36;0
3;3;53;ESVLC;ESALG;ESVLC;DZSKI;35;0
3;4;53;ESVLC;ESALG;DZSKI;TRAMB;35;0
2;1;53;ESVLC;ESALG;TRAMB;EGPSD;35;0
2;2;53;ESVLC;ESALG;EGPSD;ESALG;35;0
;;54;ESALG;TNSFA;ESALG;TNSFA;35;1
;;55;ESALG;DZORN;ESALG;DZORN;35;1
;;56;ESBCN;DZALG;ESBCN;DZALG;34;1
1;6;57;PTLEI;TNTUN;PTLEI;MAPTM;34;0
1;7;57;PTLEI;TNTUN;MAPTM;ESBCN;34;0
1;8;57;PTLEI;TNTUN;ESBCN;ESALG;34;0
0;3;57;PTLEI;TNTUN;ESALG;ITGOA;34;0
4;1;57;PTLEI;TNTUN;ITGOA;TNTUN;34;0
1;2;58;EGPSD;ESBCN;EGPSD;MACAS;34;0
1;3;58;EGPSD;ESBCN;MACAS;MAPTM;34;0
1;4;58;EGPSD;ESBCN;MAPTM;MACAS;34;0
1;5;58;EGPSD;ESBCN;MACAS;PTLEI;34;0
1;6;58;EGPSD;ESBCN;PTLEI;MAPTM;34;0
1;7;58;EGPSD;ESBCN;MAPTM;ESBCN;34;0
;;59;TRMER;ITGOA;TRMER;ITGOA;33;1
;;60;EGPSD;ESTAR;EGPSD;ESTAR;33;1
;;61;ESALG;DZALG;ESALG;DZALG;33;1
;;62;MACAS;DZBJA;MACAS;DZBJA;32;1
;;63;UAODS;ILASH;UAODS;ILASH;32;1
;;64;BGVAR;SYLTK;BGVAR;SYLTK;31;1
2;2;65;EGPSD;DZSKI;EGPSD;ESALG;31;0
2;0;65;EGPSD;DZSKI;ESALG;TRAMB;31;0
3;7;65;EGPSD;DZSKI;TRAMB;TRIZM;31;0
3;8;65;EGPSD;DZSKI;TRIZM;MAAGA;31;0
3;9;65;EGPSD;DZSKI;MAAGA;ESALG;31;0
3;0;65;EGPSD;DZSKI;ESALG;MACAS;31;0
3;1;65;EGPSD;DZSKI;MACAS;MAAGA;31;0
3;2;65;EGPSD;DZSKI;MAAGA;ESVLC;31;0
3;3;65;EGPSD;DZSKI;ESVLC;DZSKI;31;0
;;66;MAPTM;GEPTI;MAPTM;GEPTI;31;1
3;8;67;TRIZM;MAPTM;TRIZM;MAAGA;31;0
3;9;67;TRIZM;MAPTM;MAAGA;ESALG;31;0
0;6;67;TRIZM;MAPTM;ESALG;GRPIR;31;0
0;7;67;TRIZM;MAPTM;GRPIR;ESAGP;31;0
0;8;67;TRIZM;MAPTM;ESAGP;ITGOA;31;0
0;9;67;TRIZM;MAPTM;ITGOA;MAPTM;31;0
2;2;68;EGPSD;ESVLC;EGPSD;ESALG;31;0
2;0;68;EGPSD;ESVLC;ESALG;TRAMB;31;0
3;7;68;EGPSD;ESVLC;TRAMB;TRIZM;31;0
3;8;68;EGPSD;ESVLC;TRIZM;MAAGA;31;0
3;9;68;EGPSD;ESVLC;MAAGA;ESALG;31;0
3;0;68;EGPSD;ESVLC;ESALG;MACAS;31;0
3;1;68;EGPSD;ESVLC;MACAS;MAAGA;31;0
3;2;68;EGPSD;ESVLC;MAAGA;ESVLC;31;0
1;8;69;ESBCN;EGPSD;ESBCN;ESALG;30;0
1;0;69;ESBCN;EGPSD;ESALG;EGALY;30;0
1;1;69;ESBCN;EGPSD;EGALY;EGPSD;30;0
;;70;ITGIT;UAODS;ITGIT;UAODS;30;1
0;8;71;ESAGP;ITGOA;ESAGP;ITGOA;30;0
3;8;72;TRIZM;ESALG;TRIZM;MAAGA;30;0
3;9;72;TRIZM;ESALG;MAAGA;ESALG;30;0
4;2;73;TNTUN;ESAGP;TNTUN;ITGOA;30;0
0;4;73;TNTUN;ESAGP;ITGOA;ESAGP;30;0
;;74;ESALG;GEPTI;ESALG;GEPTI;30;1
;;75;ITTRS;EGPSD;ITTRS;EGPSD;29;1
1;2;76;EGPSD;EGALY;EGPSD;MACAS;29;0
1;3;76;EGPSD;EGALY;MACAS;MAPTM;29;0
1;4;76;EGPSD;EGALY;MAPTM;MACAS;29;0
1;5;76;EGPSD;EGALY;MACAS;PTLEI;29;0
1;6;76;EGPSD;EGALY;PTLEI;MAPTM;29;0
1;7;76;EGPSD;EGALY;MAPTM;ESBCN;29;0
1;8;76;EGPSD;EGALY;ESBCN;ESALG;29;0
1;0;76;EGPSD;EGALY;ESALG;EGALY;29;0
;;77;TRMER;EGPSD;TRMER;EGPSD;28;1
0;0;78;MAPTM;ITGOA;MAPTM;ESALG;28;0
0;1;78;MAPTM;ITGOA;ESALG;ESAGP;28;0
0;2;78;MAPTM;ITGOA;ESAGP;ESALG;28;0
0;3;78;MAPTM;ITGOA;ESALG;ITGOA;28;0
;;79;LBBEY;ESAGP;LBBEY;ESAGP;28;1
1;6;80;PTLEI;EGPSD;PTLEI;MAPTM;28;0
1;7;80;PTLEI;EGPSD;MAPTM;ESBCN;28;0
1;8;80;PTLEI;EGPSD;ESBCN;ESALG;28;0
1;0;80;PTLEI;EGPSD;ESALG;EGALY;28;0
1;1;80;PTLEI;EGPSD;EGALY;EGPSD;28;0
;;81;LBBEY;CYLMS;LBBEY;CYLMS;28;1
;;82;TRMER;ESTAR;TRMER;ESTAR;28;1
1;5;83;MACAS;ITGOA;MACAS;PTLEI;27;0
1;6;83;MACAS;ITGOA;PTLEI;MAPTM;27;0
1;7;83;MACAS;ITGOA;MAPTM;ESBCN;27;0
1;8;83;MACAS;ITGOA;ESBCN;ESALG;27;0
0;3;83;MACAS;ITGOA;ESALG;ITGOA;27;0
;;84;ESALG;SYLTK;ESALG;SYLTK;26;1
;;85;MAPTM;ILHFA;MAPTM;ILHFA;26;1
2;2;86;EGPSD;BGVAR;EGPSD;ESALG;26;0
2;0;86;EGPSD;BGVAR;ESALG;TRAMB;26;0
3;5;86;EGPSD;BGVAR;TRAMB;BGVAR;26;0
2;1;87;TRAMB;ESAGP;TRAMB;EGPSD;25;0
2;2;87;TRAMB;ESAGP;EGPSD;ESALG;25;0
0;1;87;TRAMB;ESAGP;ESALG;ESAGP;25;0
;;88;GRSKG;EGPSD;GRSKG;EGPSD;25;1
;;89;ILASH;MAPTM;ILASH;MAPTM;25;1
1;1;90;EGALY;MACAS;EGALY;EGPSD;25;0
1;2;90;EGALY;MACAS;EGPSD;MACAS;25;0
1;1;91;EGALY;ESAGP;EGALY;EGPSD;25;0
1;2;91;EGALY;ESAGP;EGPSD;MACAS;25;0
1;3;91;EGALY;ESAGP;MACAS;MAPTM;25;0
1;4;91;EGALY;ESAGP;MAPTM;MACAS;25;0
1;5;91;EGALY;ESAGP;MACAS;PTLEI;25;0
1;6;91;EGALY;ESAGP;PTLEI;MAPTM;25;0
1;7;91;EGALY;ESAGP;MAPTM;ESBCN;25;0
1;8;91;EGALY;ESAGP;ESBCN;ESALG;25;0
0;1;91;EGALY;ESAGP;ESALG;ESAGP;25;0
;;92;ITGIT;SYLTK;ITGIT;SYLTK;25;1
;;93;ILASH;MAAGA;ILASH;MAAGA;25;1
;;94;UAODS;ITSAL;UAODS;ITSAL;24;1
;;95;ESLPA;ITGIT;ESLPA;ITGIT;24;1
;;96;ILASH;EGPSD;ILASH;EGPSD;23;1
;;97;MAPTM;UAODS;MAPTM;UAODS;23;1
;;98;ILASH;ESBCN;ILASH;ESBCN;23;1
0;3;99;ESALG;ITGOA;ESALG;ITGOA;23;0
1;5;100;MACAS;ESAGP;MACAS;PTLEI;22;0
1;6;100;MACAS;ESAGP;PTLEI;MAPTM;22;0
1;7;100;MACAS;ESAGP;MAPTM;ESBCN;22;0
1;8;100;MACAS;ESAGP;ESBCN;ESALG;22;0
0;1;100;MACAS;ESAGP;ESALG;ESAGP;22;0
;;101;EGPSD;DZALG;EGPSD;DZALG;22;1
;;102;ITSAL;ESALG;ITSAL;ESALG;22;1
1;1;103;EGALY;ESALG;EGALY;EGPSD;22;0
1;2;103;EGALY;ESALG;EGPSD;MACAS;22;0
1;3;103;EGALY;ESALG;MACAS;MAPTM;22;0
1;4;103;EGALY;ESALG;MAPTM;MACAS;22;0
1;5;103;EGALY;ESALG;MACAS;PTLEI;22;0
1;6;103;EGALY;ESALG;PTLEI;MAPTM;22;0
1;7;103;EGALY;ESALG;MAPTM;ESBCN;22;0
1;8;103;EGALY;ESALG;ESBCN;ESALG;22;0
1;4;104;MAPTM;MACAS;MAPTM;MACAS;22;0
;;105;EGPSD;UAODS;EGPSD;UAODS;22;1
1;6;106;PTLEI;MAAGA;PTLEI;MAPTM;21;0
1;7;106;PTLEI;MAAGA;MAPTM;ESBCN;21;0
1;8;106;PTLEI;MAAGA;ESBCN;ESALG;21;0
1;0;106;PTLEI;MAAGA;ESALG;EGALY;21;0
1;1;106;PTLEI;MAAGA;EGALY;EGPSD;21;0
2;2;106;PTLEI;MAAGA;EGPSD;ESALG;21;0
2;0;106;PTLEI;MAAGA;ESALG;TRAMB;21;0
3;7;106;PTLEI;MAAGA;TRAMB;TRIZM;21;0
3;8;106;PTLEI;MAAGA;TRIZM;MAAGA;21;0
3;8;107;TRIZM;EGPSD;TRIZM;MAAGA;21;0
3;9;107;TRIZM;EGPSD;MAAGA;ESALG;21;0
3;0;107;TRIZM;EGPSD;ESALG;MACAS;21;0
3;1;107;TRIZM;EGPSD;MACAS;MAAGA;21;0
3;2;107;TRIZM;EGPSD;MAAGA;ESVLC;21;0
3;3;107;TRIZM;EGPSD;ESVLC;DZSKI;21;0
3;4;107;TRIZM;EGPSD;DZSKI;TRAMB;21;0
2;1;107;TRIZM;EGPSD;TRAMB;EGPSD;21;0
3;6;108;BGVAR;MAPTM;BGVAR;TRAMB;21;0
2;1;108;BGVAR;MAPTM;TRAMB;EGPSD;21;0
1;2;108;BGVAR;MAPTM;EGPSD;MACAS;21;0
1;3;108;BGVAR;MAPTM;MACAS;MAPTM;21;0
2;1;109;TRAMB;PTLEI;TRAMB;EGPSD;21;0
1;2;109;TRAMB;PTLEI;EGPSD;MACAS;21;0
1;3;109;TRAMB;PTLEI;MACAS;MAPTM;21;0
1;4;109;TRAMB;PTLEI;MAPTM;MACAS;21;0
1;5;109;TRAMB;PTLEI;MACAS;PTLEI;21;0
;;110;ESALG;TRMER;ESALG;TRMER;21;1
;;111;BGVAR;ILHFA;BGVAR;ILHFA;21;1
;;112;ESALG;ESLPA;ESALG;ESLPA;21;1
1;1;113;EGALY;ITGIT;EGALY;EGPSD;20;0
1;2;113;EGALY;ITGIT;EGPSD;MACAS;20;0
1;3;113;EGALY;ITGIT;MACAS;MAPTM;20;0
1;4;113;EGALY;ITGIT;MAPTM;MACAS;20;0
1;5;113;EGALY;ITGIT;MACAS;PTLEI;20;0
1;6;113;EGALY;ITGIT;PTLEI;MAPTM;20;0
1;7;113;EGALY;ITGIT;MAPTM;ESBCN;20;0
1;8;113;EGALY;ITGIT;ESBCN;ESALG;20;0
0;3;113;EGALY;ITGIT;ESALG;ITGOA;20;0
4;3;113;EGALY;ITGIT;ITGOA;DZSKI;20;0
4;4;113;EGALY;ITGIT;DZSKI;TNTUN;20;0
4;5;113;EGALY;ITGIT;TNTUN;ITGIT;20;0
;;114;ITSAL;EGPSD;ITSAL;EGPSD;20;1
1;6;115;PTLEI;MAPTM;PTLEI;MAPTM;20;0
1;7;116;MAPTM;TRAMB;MAPTM;ESBCN;20;0
1;8;116;MAPTM;TRAMB;ESBCN;ESALG;20;0
1;0;116;MAPTM;TRAMB;ESALG;EGALY;20;0
1;1;116;MAPTM;TRAMB;EGALY;EGPSD;20;0
2;2;116;MAPTM;TRAMB;EGPSD;ESALG;20;0
2;0;116;MAPTM;TRAMB;ESALG;TRAMB;20;0
;;117;ITGOA;DZALG;ITGOA;DZALG;20;1
;;118;ITGIT;GEPTI;ITGIT;GEPTI;20;1
;;119;PTLEI;SYLTK;PTLEI;SYLTK;20;1
4;3;120;ITGOA;DZSKI;ITGOA;DZSKI;20;0
;;121;TRAMB;SYLTK;TRAMB;SYLTK;19;1
;;122;TNTUN;DZALG;TNTUN;DZALG;19;1
;;123;GRSKG;ILHFA;GRSKG;ILHFA;19;1
3;3;124;ESVLC;EGPSD;ESVLC;DZSKI;19;0
3;4;124;ESVLC;EGPSD;DZSKI;TRAMB;19;0
2;1;124;ESVLC;EGPSD;TRAMB;EGPSD;19;0
1;7;125;MAPTM;ESBCN;MAPTM;ESBCN;18;0
;;126;ILASH;ESALG;ILASH;ESALG;18;1
;;127;ITTRS;TNTUN;ITTRS;TNTUN;18;1
1;7;128;MAPTM;TRIZM;MAPTM;ESBCN;18;0
1;8;128;MAPTM;TRIZM;ESBCN;ESALG;18;0
1;0;128;MAPTM;TRIZM;ESALG;EGALY;18;0
1;1;128;MAPTM;TRIZM;EGALY;EGPSD;18;0
2;2;128;MAPTM;TRIZM;EGPSD;ESALG;18;0
2;0;128;MAPTM;TRIZM;ESALG;TRAMB;18;0
3;7;128;MAPTM;TRIZM;TRAMB;TRIZM;18;0
1;6;129;PTLEI;ITGIT;PTLEI;MAPTM;18;0
1;7;129;PTLEI;ITGIT;MAPTM;ESBCN;18;0
1;8;129;PTLEI;ITGIT;ESBCN;ESALG;18;0
0;3;129;PTLEI;ITGIT;ESALG;ITGOA;18;0
4;3;129;PTLEI;ITGIT;ITGOA;DZSKI;18;0
4;4;129;PTLEI;ITGIT;DZSKI;TNTUN;18;0
4;5;129;PTLEI;ITGIT;TNTUN;ITGIT;18;0
;;130;EGPSD;GRSKG;EGPSD;GRSKG;17;1
;;131;ILHFA;ESALG;ILHFA;ESALG;17;1
;;132;MAAGA;ESVGO;MAAGA;ESVGO;17;1
;;133;ESBCN;GEPTI;ESBCN;GEPTI;17;1
;;134;ESVGO;GRSKG;ESVGO;GRSKG;17;1
;;135;TRMER;EGALY;TRMER;EGALY;17;1
;;136;ESBCN;SYLTK;ESBCN;SYLTK;17;1
;;137;TRMER;MACAS;TRMER;MACAS;17;1
;;138;ESVGO;TNTUN;ESVGO;TNTUN;17;1
;;139;SYLTK;GRSKG;SYLTK;GRSKG;17;1
;;140;ILASH;ITGIT;ILASH;ITGIT;16;1
;;141;ITGIT;GRSKG;ITGIT;GRSKG;16;1
0;7;142;GRPIR;EGPSD;GRPIR;ESAGP;16;0
0;8;142;GRPIR;EGPSD;ESAGP;ITGOA;16;0
0;9;142;GRPIR;EGPSD;ITGOA;MAPTM;16;0
0;0;142;GRPIR;EGPSD;MAPTM;ESALG;16;0
2;0;142;GRPIR;EGPSD;ESALG;TRAMB;16;0
2;1;142;GRPIR;EGPSD;TRAMB;EGPSD;16;0
4;2;143;TNTUN;ITGOA;TNTUN;ITGOA;16;0
;;144;LBBEY;UAODS;LBBEY;UAODS;16;1
;;145;ESVLC;TRMER;ESVLC;TRMER;16;1
1;8;146;ESBCN;ESAGP;ESBCN;ESALG;16;0
0;1;146;ESBCN;ESAGP;ESALG;ESAGP;16;0
;;147;MAPTM;ILASH;MAPTM;ILASH;16;1
;;148;ESVGO;BGVAR;ESVGO;BGVAR;16;1
1;5;149;MACAS;EGALY;MACAS;PTLEI;16;0
1;6;149;MACAS;EGALY;PTLEI;MAPTM;16;0
1;7;149;MACAS;EGALY;MAPTM;ESBCN;16;0
1;8;149;MACAS;EGALY;ESBCN;ESALG;16;0
1;0;149;MACAS;EGALY;ESALG;EGALY;16;0
;;150;ITGIT;LBBEY;ITGIT;LBBEY;16;1
;;151;UAODS;GEPTI;UAODS;GEPTI;15;1
3;9;152;MAAGA;ESAGP;MAAGA;ESALG;15;0
0;1;152;MAAGA;ESAGP;ESALG;ESAGP;15;0
4;0;153;ITGIT;EGALY;ITGIT;ITGOA;15;0
0;9;153;ITGIT;EGALY;ITGOA;MAPTM;15;0
0;0;153;ITGIT;EGALY;MAPTM;ESALG;15;0
1;0;153;ITGIT;EGALY;ESALG;EGALY;15;0
;;154;ILHFA;ITGIT;ILHFA;ITGIT;15;1
;;155;ESALG;GRSKG;ESALG;GRSKG;15;1
1;5;156;MACAS;ESALG;MACAS;PTLEI;15;0
1;6;156;MACAS;ESALG;PTLEI;MAPTM;15;0
1;7;156;MACAS;ESALG;MAPTM;ESBCN;15;0
1;8;156;MACAS;ESALG;ESBCN;ESALG;15;0
2;2;157;EGPSD;GRPIR;EGPSD;ESALG;15;0
0;6;157;EGPSD;GRPIR;ESALG;GRPIR;15;0
1;5;158;MACAS;EGPSD;MACAS;PTLEI;14;0
1;6;158;MACAS;EGPSD;PTLEI;MAPTM;14;0
1;7;158;MACAS;EGPSD;MAPTM;ESBCN;14;0
1;8;158;MACAS;EGPSD;ESBCN;ESALG;14;0
1;0;158;MACAS;EGPSD;ESALG;EGALY;14;0
1;1;158;MACAS;EGPSD;EGALY;EGPSD;14;0
;;159;ITGIT;ILASH;ITGIT;ILASH;14;1
;;160;UAODS;ESALG;UAODS;ESALG;14;1
;;161;ILHFA;ESBCN;ILHFA;ESBCN;14;1
;;162;TRIZM;GRSKG;TRIZM;GRSKG;14;1
;;163;ESLPA;ITGOA;ESLPA;ITGOA;14;1
3;3;164;ESVLC;MAPTM;ESVLC;DZSKI;14;0
3;4;164;ESVLC;MAPTM;DZSKI;TRAMB;14;0
2;1;164;ESVLC;MAPTM;TRAMB;EGPSD;14;0
1;2;164;ESVLC;MAPTM;EGPSD;MACAS;14;0
1;3;164;ESVLC;MAPTM;MACAS;MAPTM;14;0
;;165;MACAS;DZALG;MACAS;DZALG;13;1
;;166;MACAS;DZORN;MACAS;DZORN;13;1
1;1;167;EGALY;MAPTM;EGALY;EGPSD;13;0
1;2;167;EGALY;MAPTM;EGPSD;MACAS;13;0
1;3;167;EGALY;MAPTM;MACAS;MAPTM;13;0
2;1;168;TRAMB;EGALY;TRAMB;EGPSD;13;0
1;2;168;TRAMB;EGALY;EGPSD;MACAS;13;0
1;3;168;TRAMB;EGALY;MACAS;MAPTM;13;0
1;4;168;TRAMB;EGALY;MAPTM;MACAS;13;0
1;5;168;TRAMB;EGALY;MACAS;PTLEI;13;0
1;6;168;TRAMB;EGALY;PTLEI;MAPTM;13;0
1;7;168;TRAMB;EGALY;MAPTM;ESBCN;13;0
1;8;168;TRAMB;EGALY;ESBCN;ESALG;13;0
1;0;168;TRAMB;EGALY;ESALG;EGALY;13;0
;;169;GRSKG;EGALY;GRSKG;EGALY;13;1
2;1;170;TRAMB;MACAS;TRAMB;EGPSD;13;0
1;2;170;TRAMB;MACAS;EGPSD;MACAS;13;0
2;0;171;ESALG;BGVAR;ESALG;TRAMB;13;0
3;5;171;ESALG;BGVAR;TRAMB;BGVAR;13;0
3;6;172;BGVAR;ITGIT;BGVAR;TRAMB;12;0
3;7;172;BGVAR;ITGIT;TRAMB;TRIZM;12;0
3;8;172;BGVAR;ITGIT;TRIZM;MAAGA;12;0
3;9;172;BGVAR;ITGIT;MAAGA;ESALG;12;0
3;0;172;BGVAR;ITGIT;ESALG;MACAS;12;0
3;1;172;BGVAR;ITGIT;MACAS;MAAGA;12;0
3;2;172;BGVAR;ITGIT;MAAGA;ESVLC;12;0
3;3;172;BGVAR;ITGIT;ESVLC;DZSKI;12;0
4;4;172;BGVAR;ITGIT;DZSKI;TNTUN;12;0
4;5;172;BGVAR;ITGIT;TNTUN;ITGIT;12;0
4;0;173;ITGIT;GRPIR;ITGIT;ITGOA;12;0
0;4;173;ITGIT;GRPIR;ITGOA;ESAGP;12;0
0;5;173;ITGIT;GRPIR;ESAGP;ESALG;12;0
0;6;173;ITGIT;GRPIR;ESALG;GRPIR;12;0
;;174;TRMER;ITGIT;TRMER;ITGIT;12;1
3;6;175;BGVAR;ESAGP;BGVAR;TRAMB;12;0
2;1;175;BGVAR;ESAGP;TRAMB;EGPSD;12;0
2;2;175;BGVAR;ESAGP;EGPSD;ESALG;12;0
0;1;175;BGVAR;ESAGP;ESALG;ESAGP;12;0
4;2;176;TNTUN;MACAS;TNTUN;ITGOA;12;0
4;3;176;TNTUN;MACAS;ITGOA;DZSKI;12;0
3;4;176;TNTUN;MACAS;DZSKI;TRAMB;12;0
3;5;176;TNTUN;MACAS;TRAMB;BGVAR;12;0
3;6;176;TNTUN;MACAS;BGVAR;TRAMB;12;0
3;7;176;TNTUN;MACAS;TRAMB;TRIZM;12;0
3;8;176;TNTUN;MACAS;TRIZM;MAAGA;12;0
3;9;176;TNTUN;MACAS;MAAGA;ESALG;12;0
3;0;176;TNTUN;MACAS;ESALG;MACAS;12;0
;;177;ESLPA;EGALY;ESLPA;EGALY;12;1
4;3;178;ITGOA;MAAGA;ITGOA;DZSKI;12;0
3;4;178;ITGOA;MAAGA;DZSKI;TRAMB;12;0
3;5;178;ITGOA;MAAGA;TRAMB;BGVAR;12;0
3;6;178;ITGOA;MAAGA;BGVAR;TRAMB;12;0
3;7;178;ITGOA;MAAGA;TRAMB;TRIZM;12;0
3;8;178;ITGOA;MAAGA;TRIZM;MAAGA;12;0
;;179;GRSKG;PTLEI;GRSKG;PTLEI;12;1
;;180;GRSKG;DZSKI;GRSKG;DZSKI;12;1
1;6;181;PTLEI;MACAS;PTLEI;MAPTM;12;0
1;7;181;PTLEI;MACAS;MAPTM;ESBCN;12;0
1;8;181;PTLEI;MACAS;ESBCN;ESALG;12;0
1;0;181;PTLEI;MACAS;ESALG;EGALY;12;0
1;1;181;PTLEI;MACAS;EGALY;EGPSD;12;0
1;2;181;PTLEI;MACAS;EGPSD;MACAS;12;0
;;182;GRSKG;ESALG;GRSKG;ESALG;12;1
;;183;ITTRS;PTLEI;ITTRS;PTLEI;11;1
2;2;184;EGPSD;TRIZM;EGPSD;ESALG;11;0
2;0;184;EGPSD;TRIZM;ESALG;TRAMB;11;0
3;7;184;EGPSD;TRIZM;TRAMB;TRIZM;11;0
3;0;185;ESALG;DZSKI;ESALG;MACAS;11;0
3;1;185;ESALG;DZSKI;MACAS;MAAGA;11;0
3;2;185;ESALG;DZSKI;MAAGA;ESVLC;11;0
3;3;185;ESALG;DZSKI;ESVLC;DZSKI;11;0
;;186;TRMER;MAPTM;TRMER;MAPTM;11;1
;;187;ITGIT;DZALG;ITGIT;DZALG;11;1
;;188;EGPSD;ITTRS;EGPSD;ITTRS;11;1
;;189;ITGOA;UAODS;ITGOA;UAODS;11;1
0;8;190;ESAGP;MACAS;ESAGP;ITGOA;11;0
0;9;190;ESAGP;MACAS;ITGOA;MAPTM;11;0
1;4;190;ESAGP;MACAS;MAPTM;MACAS;11;0
;;191;EGPSD;ESVGO;EGPSD;ESVGO;11;1
4;0;192;ITGIT;TRIZM;ITGIT;ITGOA;11;0
4;1;192;ITGIT;TRIZM;ITGOA;TNTUN;11;0
4;2;192;ITGIT;TRIZM;TNTUN;ITGOA;11;0
4;3;192;ITGIT;TRIZM;ITGOA;DZSKI;11;0
3;4;192;ITGIT;TRIZM;DZSKI;TRAMB;11;0
3;5;192;ITGIT;TRIZM;TRAMB;BGVAR;11;0
3;6;192;ITGIT;TRIZM;BGVAR;TRAMB;11;0
3;7;192;ITGIT;TRIZM;TRAMB;TRIZM;11;0
3;8;193;TRIZM;ITGIT;TRIZM;MAAGA;11;0
3;9;193;TRIZM;ITGIT;MAAGA;ESALG;11;0
3;0;193;TRIZM;ITGIT;ESALG;MACAS;11;0
3;1;193;TRIZM;ITGIT;MACAS;MAAGA;11;0
3;2;193;TRIZM;ITGIT;MAAGA;ESVLC;11;0
3;3;193;TRIZM;ITGIT;ESVLC;DZSKI;11;0
4;4;193;TRIZM;ITGIT;DZSKI;TNTUN;11;0
4;5;193;TRIZM;ITGIT;TNTUN;ITGIT;11;0
;;194;GRSKG;LBBEY;GRSKG;LBBEY;11;1
;;195;ITTRS;DZALG;ITTRS;DZALG;11;1
;;196;ESALG;UAODS;ESALG;UAODS;10;1
;;197;EGPSD;ILASH;EGPSD;ILASH;10;1
;;198;UAODS;EGALY;UAODS;EGALY;10;1
;;199;ESALG;ESSCT;ESALG;ESSCT;10;1
3;2;200;MAAGA;ITGIT;MAAGA;ESVLC;10;0
3;3;200;MAAGA;ITGIT;ESVLC;DZSKI;10;0
4;4;200;MAAGA;ITGIT;DZSKI;TNTUN;10;0
4;5;200;MAAGA;ITGIT;TNTUN;ITGIT;10;0
;;201;SYLTK;ESAGP;SYLTK;ESAGP;10;1
;;202;ITTRS;EGALY;ITTRS;EGALY;10;1
3;8;203;TRIZM;ESAGP;TRIZM;MAAGA;10;0
3;9;203;TRIZM;ESAGP;MAAGA;ESALG;10;0
0;1;203;TRIZM;ESAGP;ESALG;ESAGP;10;0
;;204;ILHFA;MAAGA;ILHFA;MAAGA;10;1
;;205;EGALY;ILASH;EGALY;ILASH;9;1
1;1;206;EGALY;PTLEI;EGALY;EGPSD;9;0
1;2;206;EGALY;PTLEI;EGPSD;MACAS;9;0
1;3;206;EGALY;PTLEI;MACAS;MAPTM;9;0
1;4;206;EGALY;PTLEI;MAPTM;MACAS;9;0
1;5;206;EGALY;PTLEI;MACAS;PTLEI;9;0
;;207;GEPTI;ITGIT;GEPTI;ITGIT;9;1
;;208;UAODS;SYLTK;UAODS;SYLTK;9;1
;;209;BGVAR;ILASH;BGVAR;ILASH;9;1
1;7;210;MAPTM;BGVAR;MAPTM;ESBCN;9;0
1;8;210;MAPTM;BGVAR;ESBCN;ESALG;9;0
1;0;210;MAPTM;BGVAR;ESALG;EGALY;9;0
1;1;210;MAPTM;BGVAR;EGALY;EGPSD;9;0
2;2;210;MAPTM;BGVAR;EGPSD;ESALG;9;0
2;0;210;MAPTM;BGVAR;ESALG;TRAMB;9;0
3;5;210;MAPTM;BGVAR;TRAMB;BGVAR;9;0
3;0;211;ESALG;ESVLC;ESALG;MACAS;9;0
3;1;211;ESALG;ESVLC;MACAS;MAAGA;9;0
3;2;211;ESALG;ESVLC;MAAGA;ESVLC;9;0
;;212;ILHFA;GRSKG;ILHFA;GRSKG;9;1
;;213;EGPSD;DZORN;EGPSD;DZORN;9;1
;;214;ESAGP;ESVGO;ESAGP;ESVGO;9;1
;;215;ILASH;ESAGP;ILASH;ESAGP;9;1
;;216;ITGIT;DZBJA;ITGIT;DZBJA;9;1
;;217;TNSFA;ESAGP;TNSFA;ESAGP;9;1
;;218;ITTRS;MACAS;ITTRS;MACAS;9;1
4;5;219;TNTUN;ITGIT;TNTUN;ITGIT;8;0
0;7;220;GRPIR;ESALG;GRPIR;ESAGP;8;0
0;8;220;GRPIR;ESALG;ESAGP;ITGOA;8;0
0;9;220;GRPIR;ESALG;ITGOA;MAPTM;8;0
0;0;220;GRPIR;ESALG;MAPTM;ESALG;8;0
;;221;UAODS;DZALG;UAODS;DZALG;8;1
;;222;UAODS;MAPTM;UAODS;MAPTM;8;1
1;8;223;ESBCN;MAAGA;ESBCN;ESALG;8;0
1;0;223;ESBCN;MAAGA;ESALG;EGALY;8;0
1;1;223;ESBCN;MAAGA;EGALY;EGPSD;8;0
2;2;223;ESBCN;MAAGA;EGPSD;ESALG;8;0
2;0;223;ESBCN;MAAGA;ESALG;TRAMB;8;0
3;7;223;ESBCN;MAAGA;TRAMB;TRIZM;8;0
3;8;223;ESBCN;MAAGA;TRIZM;MAAGA;8;0
0;9;224;ITGOA;PTLEI;ITGOA;MAPTM;8;0
1;4;224;ITGOA;PTLEI;MAPTM;MACAS;8;0
1;5;224;ITGOA;PTLEI;MACAS;PTLEI;8;0
;;225;ILHFA;BGVAR;ILHFA;BGVAR;8;1
;;226;MAPTM;DZBJA;MAPTM;DZBJA;8;1
4;2;227;TNTUN;EGPSD;TNTUN;ITGOA;8;0
4;3;227;TNTUN;EGPSD;ITGOA;DZSKI;8;0
3;4;227;TNTUN;EGPSD;DZSKI;TRAMB;8;0
2;1;227;TNTUN;EGPSD;TRAMB;EGPSD;8;0
;;228;CYLMS;ITGIT;CYLMS;ITGIT;8;1
0;2;229;ESAGP;ESVLC;ESAGP;ESALG;8;0
3;0;229;ESAGP;ESVLC;ESALG;MACAS;8;0
3;1;229;ESAGP;ESVLC;MACAS;MAAGA;8;0
3;2;229;ESAGP;ESVLC;MAAGA;ESVLC;8;0
;;230;ESALG;DZBJA;ESALG;DZBJA;8;1
;;231;EGDAM;EGPSD;EGDAM;EGPSD;8;1
3;6;232;BGVAR;ESBCN;BGVAR;TRAMB;8;0
2;1;232;BGVAR;ESBCN;TRAMB;EGPSD;8;0
1;2;232;BGVAR;ESBCN;EGPSD;MACAS;8;0
1;3;232;BGVAR;ESBCN;MACAS;MAPTM;8;0
1;4;232;BGVAR;ESBCN;MAPTM;MACAS;8;0
1;5;232;BGVAR;ESBCN;MACAS;PTLEI;8;0
1;6;232;BGVAR;ESBCN;PTLEI;MAPTM;8;0
1;7;232;BGVAR;ESBCN;MAPTM;ESBCN;8;0
4;0;233;ITGIT;BGVAR;ITGIT;ITGOA;8;0
4;1;233;ITGIT;BGVAR;ITGOA;TNTUN;8;0
4;2;233;ITGIT;BGVAR;TNTUN;ITGOA;8;0
4;3;233;ITGIT;BGVAR;ITGOA;DZSKI;8;0
3;4;233;ITGIT;BGVAR;DZSKI;TRAMB;8;0
3;5;233;ITGIT;BGVAR;TRAMB;BGVAR;8;0
1;6;234;PTLEI;BGVAR;PTLEI;MAPTM;8;0
1;7;234;PTLEI;BGVAR;MAPTM;ESBCN;8;0
1;8;234;PTLEI;BGVAR;ESBCN;ESALG;8;0
1;0;234;PTLEI;BGVAR;ESALG;EGALY;8;0
1;1;234;PTLEI;BGVAR;EGALY;EGPSD;8;0
2;2;234;PTLEI;BGVAR;EGPSD;ESALG;8;0
2;0;234;PTLEI;BGVAR;ESALG;TRAMB;8;0
3;5;234;PTLEI;BGVAR;TRAMB;BGVAR;8;0
;;235;UAODS;DZAAE;UAODS;DZAAE;8;1
;;236;SYLTK;EGPSD;SYLTK;EGPSD;7;1
0;8;237;ESAGP;PTLEI;ESAGP;ITGOA;7;0
0;9;237;ESAGP;PTLEI;ITGOA;MAPTM;7;0
1;4;237;ESAGP;PTLEI;MAPTM;MACAS;7;0
1;5;237;ESAGP;PTLEI;MACAS;PTLEI;7;0
;;238;GRSKG;ILASH;GRSKG;ILASH;7;1
1;5;239;MACAS;ESBCN;MACAS;PTLEI;7;0
1;6;239;MACAS;ESBCN;PTLEI;MAPTM;7;0
1;7;239;MACAS;ESBCN;MAPTM;ESBCN;7;0
4;0;240;ITGIT;TNTUN;ITGIT;ITGOA;7;0
4;1;240;ITGIT;TNTUN;ITGOA;TNTUN;7;0
;;241;ESAGP;DZALG;ESAGP;DZALG;7;1
1;4;242;MAPTM;PTLEI;MAPTM;MACAS;7;0
1;5;242;MAPTM;PTLEI;MACAS;PTLEI;7;0
;;243;TNSFA;ESALG;TNSFA;ESALG;7;1
2;1;244;TRAMB;TNTUN;TRAMB;EGPSD;7;0
2;2;244;TRAMB;TNTUN;EGPSD;ESALG;7;0
0;3;244;TRAMB;TNTUN;ESALG;ITGOA;7;0
4;1;244;TRAMB;TNTUN;ITGOA;TNTUN;7;0
3;3;245;ESVLC;PTLEI;ESVLC;DZSKI;7;0
3;4;245;ESVLC;PTLEI;DZSKI;TRAMB;7;0
2;1;245;ESVLC;PTLEI;TRAMB;EGPSD;7;0
1;2;245;ESVLC;PTLEI;EGPSD;MACAS;7;0
1;3;245;ESVLC;PTLEI;MACAS;MAPTM;7;0
1;4;245;ESVLC;PTLEI;MAPTM;MACAS;7;0
1;5;245;ESVLC;PTLEI;MACAS;PTLEI;7;0
0;5;246;ESAGP;GRPIR;ESAGP;ESALG;7;0
0;6;246;ESAGP;GRPIR;ESALG;GRPIR;7;0
;;247;DZALG;ESAGP;DZALG;ESAGP;7;1
0;0;248;MAPTM;GRPIR;MAPTM;ESALG;7;0
0;1;248;MAPTM;GRPIR;ESALG;ESAGP;7;0
0;2;248;MAPTM;GRPIR;ESAGP;ESALG;7;0
0;3;248;MAPTM;GRPIR;ESALG;ITGOA;7;0
0;4;248;MAPTM;GRPIR;ITGOA;ESAGP;7;0
0;5;248;MAPTM;GRPIR;ESAGP;ESALG;7;0
0;6;248;MAPTM;GRPIR;ESALG;GRPIR;7;0
;;249;SYLTK;ITGOA;SYLTK;ITGOA;7;1
;;250;ESALG;ITTRS;ESALG;ITTRS;7;1
3;6;251;BGVAR;ESALG;BGVAR;TRAMB;7;0
2;1;251;BGVAR;ESALG;TRAMB;EGPSD;7;0
2;2;251;BGVAR;ESALG;EGPSD;ESALG;7;0
;;252;ESAGP;SYLTK;ESAGP;SYLTK;6;1
3;6;253;BGVAR;ESVLC;BGVAR;TRAMB;6;0
3;7;253;BGVAR;ESVLC;TRAMB;TRIZM;6;0
3;8;253;BGVAR;ESVLC;TRIZM;MAAGA;6;0
3;9;253;BGVAR;ESVLC;MAAGA;ESALG;6;0
3;0;253;BGVAR;ESVLC;ESALG;MACAS;6;0
3;1;253;BGVAR;ESVLC;MACAS;MAAGA;6;0
3;2;253;BGVAR;ESVLC;MAAGA;ESVLC;6;0
0;8;254;ESAGP;TNTUN;ESAGP;ITGOA;6;0
4;1;254;ESAGP;TNTUN;ITGOA;TNTUN;6;0
3;9;255;MAAGA;ITGOA;MAAGA;ESALG;6;0
0;3;255;MAAGA;ITGOA;ESALG;ITGOA;6;0
;;256;GRSKG;TRMER;GRSKG;TRMER;6;1
0;7;257;GRPIR;EGALY;GRPIR;ESAGP;6;0
0;8;257;GRPIR;EGALY;ESAGP;ITGOA;6;0
0;9;257;GRPIR;EGALY;ITGOA;MAPTM;6;0
0;0;257;GRPIR;EGALY;MAPTM;ESALG;6;0
1;0;257;GRPIR;EGALY;ESALG;EGALY;6;0
3;3;258;ESVLC;MAAGA;ESVLC;DZSKI;6;0
3;4;258;ESVLC;MAAGA;DZSKI;TRAMB;6;0
3;5;258;ESVLC;MAAGA;TRAMB;BGVAR;6;0
3;6;258;ESVLC;MAAGA;BGVAR;TRAMB;6;0
3;7;258;ESVLC;MAAGA;TRAMB;TRIZM;6;0
3;8;258;ESVLC;MAAGA;TRIZM;MAAGA;6;0
;;259;GEPTI;EGPSD;GEPTI;EGPSD;6;1
;;260;UAODS;ILHFA;UAODS;ILHFA;6;1
;;261;GRSKG;MACAS;GRSKG;MACAS;6;1
;;262;GRSKG;MAPTM;GRSKG;MAPTM;6;1
;;263;ESVGO;ESALG;ESVGO;ESALG;6;1
;;264;GEPTI;BGVAR;GEPTI;BGVAR;6;1
2;1;265;TRAMB;ESBCN;TRAMB;EGPSD;6;0
1;2;265;TRAMB;ESBCN;EGPSD;MACAS;6;0
1;3;265;TRAMB;ESBCN;MACAS;MAPTM;6;0
1;4;265;TRAMB;ESBCN;MAPTM;MACAS;6;0
1;5;265;TRAMB;ESBCN;MACAS;PTLEI;6;0
1;6;265;TRAMB;ESBCN;PTLEI;MAPTM;6;0
1;7;265;TRAMB;ESBCN;MAPTM;ESBCN;6;0
;;266;ITSAL;BGVAR;ITSAL;BGVAR;6;1
;;267;ESVGO;EGALY;ESVGO;EGALY;6;1
;;268;ESVGO;EGPSD;ESVGO;EGPSD;5;1
1;6;269;PTLEI;ESALG;PTLEI;MAPTM;5;0
1;7;269;PTLEI;ESALG;MAPTM;ESBCN;5;0
1;8;269;PTLEI;ESALG;ESBCN;ESALG;5;0
0;7;270;GRPIR;ESAGP;GRPIR;ESAGP;5;0
;;271;ESAGP;ITTRS;ESAGP;ITTRS;5;1
1;8;272;ESBCN;MAPTM;ESBCN;ESALG;5;0
1;0;272;ESBCN;MAPTM;ESALG;EGALY;5;0
1;1;272;ESBCN;MAPTM;EGALY;EGPSD;5;0
1;2;272;ESBCN;MAPTM;EGPSD;MACAS;5;0
1;3;272;ESBCN;MAPTM;MACAS;MAPTM;5;0
;;273;MAPTM;GRSKG;MAPTM;GRSKG;5;1
;;274;ILHFA;ESAGP;ILHFA;ESAGP;5;1
;;275;ESVGO;ESAGP;ESVGO;ESAGP;5;1
1;4;276;MAPTM;ESVLC;MAPTM;MACAS;5;0
3;1;276;MAPTM;ESVLC;MACAS;MAAGA;5;0
3;2;276;MAPTM;ESVLC;MAAGA;ESVLC;5;0
3;9;277;MAAGA;GRPIR;MAAGA;ESALG;5;0
0;6;277;MAAGA;GRPIR;ESALG;GRPIR;5;0
2;2;278;EGPSD;MAAGA;EGPSD;ESALG;4;0
2;0;278;EGPSD;MAAGA;ESALG;TRAMB;4;0
3;7;278;EGPSD;MAAGA;TRAMB;TRIZM;4;0
3;8;278;EGPSD;MAAGA;TRIZM;MAAGA;4;0
;;279;TRMER;TNTUN;TRMER;TNTUN;4;1
;;280;ITGIT;ESVGO;ITGIT;ESVGO;4;1
1;0;281;ESALG;PTLEI;ESALG;EGALY;4;0
1;1;281;ESALG;PTLEI;EGALY;EGPSD;4;0
1;2;281;ESALG;PTLEI;EGPSD;MACAS;4;0
1;3;281;ESALG;PTLEI;MACAS;MAPTM;4;0
1;4;281;ESALG;PTLEI;MAPTM;MACAS;4;0
1;5;281;ESALG;PTLEI;MACAS;PTLEI;4;0
;;282;EGALY;SYLTK;EGALY;SYLTK;4;1
;;283;EGPSD;TNSFA;EGPSD;TNSFA;4;1
0;7;284;GRPIR;MAPTM;GRPIR;ESAGP;4;0
0;8;284;GRPIR;MAPTM;ESAGP;ITGOA;4;0
0;9;284;GRPIR;MAPTM;ITGOA;MAPTM;4;0
;;285;GRSKG;ESAGP;GRSKG;ESAGP;4;1
4;0;286;ITGIT;DZSKI;ITGIT;ITGOA;4;0
4;1;286;ITGIT;DZSKI;ITGOA;TNTUN;4;0
4;2;286;ITGIT;DZSKI;TNTUN;ITGOA;4;0
4;3;286;ITGIT;DZSKI;ITGOA;DZSKI;4;0
;;287;EGPSD;ITSAL;EGPSD;ITSAL;4;1
3;2;288;MAAGA;MAPTM;MAAGA;ESVLC;4;0
3;3;288;MAAGA;MAPTM;ESVLC;DZSKI;4;0
3;4;288;MAAGA;MAPTM;DZSKI;TRAMB;4;0
2;1;288;MAAGA;MAPTM;TRAMB;EGPSD;4;0
1;2;288;MAAGA;MAPTM;EGPSD;MACAS;4;0
1;3;288;MAAGA;MAPTM;MACAS;MAPTM;4;0
0;0;289;MAPTM;TNTUN;MAPTM;ESALG;4;0
0;1;289;MAPTM;TNTUN;ESALG;ESAGP;4;0
0;2;289;MAPTM;TNTUN;ESAGP;ESALG;4;0
0;3;289;MAPTM;TNTUN;ESALG;ITGOA;4;0
4;1;289;MAPTM;TNTUN;ITGOA;TNTUN;4;0
;;290;ITGIT;CYLMS;ITGIT;CYLMS;4;1
;;291;ITGIT;TRMER;ITGIT;TRMER;4;1
;;292;ESALG;CYLMS;ESALG;CYLMS;4;1
;;293;ILHFA;EGPSD;ILHFA;EGPSD;4;1
;;294;GRSKG;TNTUN;GRSKG;TNTUN;4;1
4;0;295;ITGIT;PTLEI;ITGIT;ITGOA;4;0
4;1;295;ITGIT;PTLEI;ITGOA;TNTUN;4;0
4;2;295;ITGIT;PTLEI;TNTUN;ITGOA;4;0
4;3;295;ITGIT;PTLEI;ITGOA;DZSKI;4;0
3;4;295;ITGIT;PTLEI;DZSKI;TRAMB;4;0
2;1;295;ITGIT;PTLEI;TRAMB;EGPSD;4;0
1;2;295;ITGIT;PTLEI;EGPSD;MACAS;4;0
1;3;295;ITGIT;PTLEI;MACAS;MAPTM;4;0
1;4;295;ITGIT;PTLEI;MAPTM;MACAS;4;0
1;5;295;ITGIT;PTLEI;MACAS;PTLEI;4;0
;;296;EGPSD;DZBJA;EGPSD;DZBJA;4;1
4;0;297;ITGIT;MAAGA;ITGIT;ITGOA;3;0
4;1;297;ITGIT;MAAGA;ITGOA;TNTUN;3;0
4;2;297;ITGIT;MAAGA;TNTUN;ITGOA;3;0
4;3;297;ITGIT;MAAGA;ITGOA;DZSKI;3;0
3;4;297;ITGIT;MAAGA;DZSKI;TRAMB;3;0
3;5;297;ITGIT;MAAGA;TRAMB;BGVAR;3;0
3;6;297;ITGIT;MAAGA;BGVAR;TRAMB;3;0
3;7;297;ITGIT;MAAGA;TRAMB;TRIZM;3;0
3;8;297;ITGIT;MAAGA;TRIZM;MAAGA;3;0
;;298;ESAGP;ITSAL;ESAGP;ITSAL;3;1
;;299;ESAGP;TNSFA;ESAGP;TNSFA;3;1
;;300;GEPTI;ESALG;GEPTI;ESALG;3;1
0;9;301;ITGOA;MACAS;ITGOA;MAPTM;3;0
1;4;301;ITGOA;MACAS;MAPTM;MACAS;3;0
;;302;EGPSD;CYLMS;EGPSD;CYLMS;3;1
0;8;303;ESAGP;ESBCN;ESAGP;ITGOA;3;0
0;9;303;ESAGP;ESBCN;ITGOA;MAPTM;3;0
1;7;303;ESAGP;ESBCN;MAPTM;ESBCN;3;0
;;304;MAPTM;ITTRS;MAPTM;ITTRS;3;1
;;305;ESVGO;GRPIR;ESVGO;GRPIR;3;1
;;306;MAPTM;ESSCT;MAPTM;ESSCT;3;1
4;0;307;ITGIT;ESBCN;ITGIT;ITGOA;3;0
4;1;307;ITGIT;ESBCN;ITGOA;TNTUN;3;0
4;2;307;ITGIT;ESBCN;TNTUN;ITGOA;3;0
4;3;307;ITGIT;ESBCN;ITGOA;DZSKI;3;0
3;4;307;ITGIT;ESBCN;DZSKI;TRAMB;3;0
2;1;307;ITGIT;ESBCN;TRAMB;EGPSD;3;0
1;2;307;ITGIT;ESBCN;EGPSD;MACAS;3;0
1;3;307;ITGIT;ESBCN;MACAS;MAPTM;3;0
1;4;307;ITGIT;ESBCN;MAPTM;MACAS;3;0
1;5;307;ITGIT;ESBCN;MACAS;PTLEI;3;0
1;6;307;ITGIT;ESBCN;PTLEI;MAPTM;3;0
1;7;307;ITGIT;ESBCN;MAPTM;ESBCN;3;0
;;308;PTLEI;ILHFA;PTLEI;ILHFA;3;1
;;309;EGPSD;ILHFA;EGPSD;ILHFA;3;1
;;310;MAPTM;ESVGO;MAPTM;ESVGO;3;1
;;311;MAPTM;DZALG;MAPTM;DZALG;3;1
;;312;MAPTM;ITSAL;MAPTM;ITSAL;3;1
;;313;ITGIT;ESTAR;ITGIT;ESTAR;3;1
;;314;EGPSD;GEPTI;EGPSD;GEPTI;2;1
;;315;ITGIT;DZORN;ITGIT;DZORN;2;1
;;316;LBBEY;MAPTM;LBBEY;MAPTM;2;1
;;317;LBBEY;ESALG;LBBEY;ESALG;2;1
;;318;MAPTM;DZORN;MAPTM;DZORN;2;1
0;2;319;ESAGP;EGALY;ESAGP;ESALG;2;0
1;0;319;ESAGP;EGALY;ESALG;EGALY;2;0
;;320;DZALG;EGPSD;DZALG;EGPSD;2;1
;;321;ESAGP;UAODS;ESAGP;UAODS;2;1
;;322;ESVGO;DZORN;ESVGO;DZORN;2;1
4;0;323;ITGIT;ESVLC;ITGIT;ITGOA;2;0
4;1;323;ITGIT;ESVLC;ITGOA;TNTUN;2;0
4;2;323;ITGIT;ESVLC;TNTUN;ITGOA;2;0
4;3;323;ITGIT;ESVLC;ITGOA;DZSKI;2;0
3;4;323;ITGIT;ESVLC;DZSKI;TRAMB;2;0
3;5;323;ITGIT;ESVLC;TRAMB;BGVAR;2;0
3;6;323;ITGIT;ESVLC;BGVAR;TRAMB;2;0
3;7;323;ITGIT;ESVLC;TRAMB;TRIZM;2;0
3;8;323;ITGIT;ESVLC;TRIZM;MAAGA;2;0
3;9;323;ITGIT;ESVLC;MAAGA;ESALG;2;0
3;0;323;ITGIT;ESVLC;ESALG;MACAS;2;0
3;1;323;ITGIT;ESVLC;MACAS;MAAGA;2;0
3;2;323;ITGIT;ESVLC;MAAGA;ESVLC;2;0
1;1;324;EGALY;DZSKI;EGALY;EGPSD;2;0
1;2;324;EGALY;DZSKI;EGPSD;MACAS;2;0
3;1;324;EGALY;DZSKI;MACAS;MAAGA;2;0
3;2;324;EGALY;DZSKI;MAAGA;ESVLC;2;0
3;3;324;EGALY;DZSKI;ESVLC;DZSKI;2;0
4;2;325;TNTUN;ESALG;TNTUN;ITGOA;2;0
0;9;325;TNTUN;ESALG;ITGOA;MAPTM;2;0
0;0;325;TNTUN;ESALG;MAPTM;ESALG;2;0
;;326;ESLPA;ESAGP;ESLPA;ESAGP;2;1
;;327;TRAMB;LBBEY;TRAMB;LBBEY;2;1
;;328;ESALG;DZAAE;ESALG;DZAAE;2;1
;;329;ESVGO;MAPTM;ESVGO;MAPTM;2;1
;;330;ESAGP;EGDAM;ESAGP;EGDAM;2;1
;;331;MAAGA;GRSKG;MAAGA;GRSKG;2;1
;;332;UAODS;ESAGP;UAODS;ESAGP;2;1
1;1;333;EGALY;TNTUN;EGALY;EGPSD;2;0
1;2;333;EGALY;TNTUN;EGPSD;MACAS;2;0
1;3;333;EGALY;TNTUN;MACAS;MAPTM;2;0
1;4;333;EGALY;TNTUN;MAPTM;MACAS;2;0
1;5;333;EGALY;TNTUN;MACAS;PTLEI;2;0
1;6;333;EGALY;TNTUN;PTLEI;MAPTM;2;0
1;7;333;EGALY;TNTUN;MAPTM;ESBCN;2;0
1;8;333;EGALY;TNTUN;ESBCN;ESALG;2;0
0;3;333;EGALY;TNTUN;ESALG;ITGOA;2;0
4;1;333;EGALY;TNTUN;ITGOA;TNTUN;2;0
0;2;334;ESAGP;BGVAR;ESAGP;ESALG;1;0
2;0;334;ESAGP;BGVAR;ESALG;TRAMB;1;0
3;5;334;ESAGP;BGVAR;TRAMB;BGVAR;1;0
1;7;335;MAPTM;MAAGA;MAPTM;ESBCN;1;0
1;8;335;MAPTM;MAAGA;ESBCN;ESALG;1;0
1;0;335;MAPTM;MAAGA;ESALG;EGALY;1;0
1;1;335;MAPTM;MAAGA;EGALY;EGPSD;1;0
2;2;335;MAPTM;MAAGA;EGPSD;ESALG;1;0
2;0;335;MAPTM;MAAGA;ESALG;TRAMB;1;0
3;7;335;MAPTM;MAAGA;TRAMB;TRIZM;1;0
3;8;335;MAPTM;MAAGA;TRIZM;MAAGA;1;0
;;336;DZALG;PTLEI;DZALG;PTLEI;1;1
;;337;ITGIT;TNSFA;ITGIT;TNSFA;1;1
;;338;EGPSD;EGDAM;EGPSD;EGDAM;1;1
;;339;TRAMB;ILASH;TRAMB;ILASH;1;1
;;340;ESAGP;ESSCT;ESAGP;ESSCT;1;1
;;341;TRIZM;ILASH;TRIZM;ILASH;1;1
;;342;ESALG;ITSAL;ESALG;ITSAL;1;1
;;343;DZBJA;PTLEI;DZBJA;PTLEI;1;1
;;344;ESAGP;ILASH;ESAGP;ILASH;1;1
1;1;345;EGALY;ESVLC;EGALY;EGPSD;1;0
1;2;345;EGALY;ESVLC;EGPSD;MACAS;1;0
3;1;345;EGALY;ESVLC;MACAS;MAAGA;1;0
3;2;345;EGALY;ESVLC;MAAGA;ESVLC;1;0
3;2;346;MAAGA;EGPSD;MAAGA;ESVLC;1;0
3;3;346;MAAGA;EGPSD;ESVLC;DZSKI;1;0
3;4;346;MAAGA;EGPSD;DZSKI;TRAMB;1;0
2;1;346;MAAGA;EGPSD;TRAMB;EGPSD;1;0
4;2;347;TNTUN;MAPTM;TNTUN;ITGOA;1;0
0;9;347;TNTUN;MAPTM;ITGOA;MAPTM;1;0
;;348;GEPTI;MAPTM;GEPTI;MAPTM;1;1
;;349;ITGIT;ITTRS;ITGIT;ITTRS;1;1
;;350;TRIZM;LBBEY;TRIZM;LBBEY;1;1
;;351;ILHFA;ESVGO;ILHFA;ESVGO;1;1
;;352;ESAGP;LBBEY;ESAGP;LBBEY;1;1
1;3;353;MACAS;MAPTM;MACAS;MAPTM;1;0
0;2;354;ESAGP;TRAMB;ESAGP;ESALG;1;0
2;0;354;ESAGP;TRAMB;ESALG;TRAMB;1;0
;;355;MAPTM;TNSFA;MAPTM;TNSFA;1;1
;;356;SYLTK;MAPTM;SYLTK;MAPTM;1;1
;;357;TNSFA;EGPSD;TNSFA;EGPSD;1;1
;;358;ESAGP;DZBJA;ESAGP;DZBJA;1;1
;;359;ESAGP;CYLMS;ESAGP;CYLMS;1;1
;;360;ITTRS;MAPTM;ITTRS;MAPTM;1;1
;;361;DZORN;EGPSD;DZORN;EGPSD;1;1
;;362;CYLMS;EGPSD;CYLMS;EGPSD;1;1
;;363;CYLMS;ESALG;CYLMS;ESALG;1;1
;;364;ITGIT;EGDAM;ITGIT;EGDAM;1;1
